classification type,best_threshold,best_accuracy
llm_prompt,0.1708542713567839,0.69
nli,0.3768718261502791,0.67
bertscore,0.6527334207940342,0.56
