classification type,best_threshold,best_accuracy
llm_prompt,0.271356783919598,0.62
nli,0.5643523819768409,0.67
bertscore,0.7513164492905235,0.59
